{"cameraMode":{"drawMode":0,"name":"Shaded","section":"Shading Mode"},"sceneLighting":true,"audioPlay":false,"sceneViewState":{"m_AlwaysRefresh":false,"showFog":true,"showSkybox":true,"showFlares":true,"showImageEffects":true,"showParticleSystems":true,"showVisualEffectGraphs":true,"m_FxEnabled":true},"in2DMode":false,"pivot":{"x":-0.7643272876739502,"y":0.3927088677883148,"z":10.992837905883789},"rotation":{"x":0.07343452423810959,"y":-0.0029912926256656648,"z":0.00021902397566009313,"w":0.9973035454750061},"size":12.464777946472168,"orthographic":false}