{"cameraMode":{"drawMode":0,"name":"Shaded","section":"Shading Mode"},"sceneLighting":true,"audioPlay":false,"sceneViewState":{"m_AlwaysRefresh":false,"showFog":true,"showSkybox":false,"showFlares":true,"showImageEffects":true,"showParticleSystems":true,"showVisualEffectGraphs":true,"m_FxEnabled":true},"in2DMode":false,"pivot":{"x":0.5395045280456543,"y":27.905797958374025,"z":-65.90428161621094},"rotation":{"x":0.33390405774116518,"y":0.018384074792265893,"z":-0.006502673029899597,"w":0.9424321055412293},"size":12.12435531616211,"orthographic":false}