{"cameraMode":{"drawMode":0,"name":"Shaded","section":"Shading Mode"},"sceneLighting":true,"audioPlay":false,"sceneViewState":{"m_AlwaysRefresh":false,"showFog":true,"showSkybox":false,"showFlares":true,"showImageEffects":true,"showParticleSystems":true,"showVisualEffectGraphs":true,"m_FxEnabled":true},"in2DMode":false,"pivot":{"x":1.115497350692749,"y":-23.84771728515625,"z":23.691572189331056},"rotation":{"x":0.29835763573646548,"y":-0.014619325287640095,"z":0.004567461553961039,"w":0.954357922077179},"size":73.12496948242188,"orthographic":false}