{"cameraMode":{"drawMode":0,"name":"Shaded","section":"Shading Mode"},"sceneLighting":true,"audioPlay":false,"sceneViewState":{"m_AlwaysRefresh":false,"showFog":true,"showSkybox":false,"showFlares":true,"showImageEffects":true,"showParticleSystems":true,"showVisualEffectGraphs":true,"m_FxEnabled":true},"in2DMode":false,"pivot":{"x":20.02568817138672,"y":0.27377796173095705,"z":6.541378974914551},"rotation":{"x":0.08086971193552017,"y":0.5343809127807617,"z":-0.05146237835288048,"w":0.8398265242576599},"size":14.777588844299317,"orthographic":false}