{"cameraMode":{"drawMode":0,"name":"Shaded","section":"Shading Mode"},"sceneLighting":true,"audioPlay":false,"sceneViewState":{"m_AlwaysRefresh":false,"showFog":true,"showSkybox":true,"showFlares":true,"showImageEffects":true,"showParticleSystems":true,"showVisualEffectGraphs":true,"m_FxEnabled":true},"in2DMode":false,"pivot":{"x":111.51656341552735,"y":-60.76871871948242,"z":-450.8565673828125},"rotation":{"x":0.26392462849617007,"y":-0.13202360272407533,"z":-0.036488283425569537,"w":-0.9547789096832275},"size":70.71067810058594,"orthographic":false}