{"cameraMode":{"drawMode":0,"name":"Shaded","section":"Shading Mode"},"sceneLighting":false,"audioPlay":false,"sceneViewState":{"m_AlwaysRefresh":false,"showFog":true,"showSkybox":false,"showFlares":true,"showImageEffects":true,"showParticleSystems":true,"showVisualEffectGraphs":true,"m_FxEnabled":true},"in2DMode":false,"pivot":{"x":-1.1520003080368043,"y":1.5679998397827149,"z":0.28000134229660036},"rotation":{"x":0.12432035058736801,"y":0.1450030356645584,"z":-0.018370941281318666,"w":0.9814459681510925},"size":0.6116161942481995,"orthographic":false}