{"cameraMode":{"drawMode":0,"name":"Shaded","section":"Shading Mode"},"sceneLighting":false,"audioPlay":false,"sceneViewState":{"m_AlwaysRefresh":false,"showFog":true,"showSkybox":false,"showFlares":true,"showImageEffects":true,"showParticleSystems":true,"showVisualEffectGraphs":true,"m_FxEnabled":true},"in2DMode":false,"pivot":{"x":206.33126831054688,"y":4.002040863037109,"z":0.9128785133361816},"rotation":{"x":0.07043643295764923,"y":-0.013466586358845234,"z":0.0009374727378599346,"w":0.9974382519721985},"size":4.695497035980225,"orthographic":false}