{"cameraMode":{"drawMode":0,"name":"Shaded","section":"Shading Mode"},"sceneLighting":true,"audioPlay":false,"sceneViewState":{"m_AlwaysRefresh":false,"showFog":true,"showSkybox":false,"showFlares":true,"showImageEffects":true,"showParticleSystems":true,"showVisualEffectGraphs":true,"m_FxEnabled":true},"in2DMode":false,"pivot":{"x":-2.9787685871124269,"y":3.8412251472473146,"z":153.9927520751953},"rotation":{"x":0.011977056041359902,"y":-0.06145705655217171,"z":0.0007376578287221491,"w":0.9980416893959045},"size":87.65514373779297,"orthographic":false}