{"cameraMode":{"drawMode":0,"name":"Shaded","section":"Shading Mode"},"sceneLighting":true,"audioPlay":false,"sceneViewState":{"m_AlwaysRefresh":false,"showFog":true,"showSkybox":false,"showFlares":true,"showImageEffects":true,"showParticleSystems":true,"showVisualEffectGraphs":true,"m_FxEnabled":true},"in2DMode":false,"pivot":{"x":126.97631072998047,"y":9.584297180175782,"z":-25.0556583404541},"rotation":{"x":0.06595513224601746,"y":-0.0000015690368400100852,"z":-0.000008790399988356512,"w":0.997862696647644},"size":1.0103777647018433,"orthographic":false}