{"cameraMode":{"drawMode":0,"name":"Shaded","section":"Shading Mode"},"sceneLighting":true,"audioPlay":false,"sceneViewState":{"m_AlwaysRefresh":false,"showFog":true,"showSkybox":false,"showFlares":true,"showImageEffects":true,"showParticleSystems":true,"showVisualEffectGraphs":true,"m_FxEnabled":true},"in2DMode":false,"pivot":{"x":15.69999885559082,"y":4.042499542236328,"z":-15.600000381469727},"rotation":{"x":0.30626538395881655,"y":-0.06449417769908905,"z":0.020804187282919885,"w":0.9495601654052734},"size":49.07407760620117,"orthographic":false}