{"cameraMode":{"drawMode":0,"name":"Shaded","section":"Shading Mode"},"sceneLighting":true,"audioPlay":false,"sceneViewState":{"m_AlwaysRefresh":false,"showFog":true,"showSkybox":true,"showFlares":true,"showImageEffects":true,"showParticleSystems":true,"showVisualEffectGraphs":true,"m_FxEnabled":true},"in2DMode":false,"pivot":{"x":38.166053771972659,"y":38.357933044433597,"z":-39.37816619873047},"rotation":{"x":0.4409448802471161,"y":-0.2318730354309082,"z":0.11905382573604584,"w":0.8588761687278748},"size":11.827759742736817,"orthographic":false}