{"cameraMode":{"drawMode":0,"name":"Shaded","section":"Shading Mode"},"sceneLighting":true,"audioPlay":false,"sceneViewState":{"m_AlwaysRefresh":false,"showFog":true,"showSkybox":true,"showFlares":true,"showImageEffects":true,"showParticleSystems":true,"showVisualEffectGraphs":true,"m_FxEnabled":true},"in2DMode":false,"pivot":{"x":-30.669755935668947,"y":86.36799621582031,"z":-34.040706634521487},"rotation":{"x":0.40221765637397768,"y":0.25425878167152407,"z":-0.11731839925050736,"w":0.8716937899589539},"size":11.827759742736817,"orthographic":false}