{"cameraMode":{"drawMode":0,"name":"Shaded","section":"Shading Mode"},"sceneLighting":true,"audioPlay":false,"sceneViewState":{"m_AlwaysRefresh":false,"showFog":true,"showSkybox":false,"showFlares":true,"showImageEffects":true,"showParticleSystems":true,"showVisualEffectGraphs":true,"m_FxEnabled":true},"in2DMode":false,"pivot":{"x":2.1438615322113039,"y":31.2823486328125,"z":-116.0293960571289},"rotation":{"x":-0.0020992527715861799,"y":0.04948052391409874,"z":0.00010317644046153873,"w":0.9987795352935791},"size":16.25773048400879,"orthographic":false}