{"cameraMode":{"drawMode":0,"name":"Shaded","section":"Shading Mode"},"sceneLighting":false,"audioPlay":false,"sceneViewState":{"m_AlwaysRefresh":false,"showFog":true,"showSkybox":false,"showFlares":true,"showImageEffects":true,"showParticleSystems":true,"showVisualEffectGraphs":true,"m_FxEnabled":true},"in2DMode":false,"pivot":{"x":15.593727111816407,"y":1.1694536209106446,"z":-15.333919525146485},"rotation":{"x":0.16422873735427857,"y":0.018926050513982774,"z":-0.003128928132355213,"w":0.9862717986106873},"size":3.5090527534484865,"orthographic":false}