{"cameraMode":{"drawMode":0,"name":"Shaded","section":"Shading Mode"},"sceneLighting":false,"audioPlay":false,"sceneViewState":{"m_AlwaysRefresh":false,"showFog":true,"showSkybox":false,"showFlares":true,"showImageEffects":true,"showParticleSystems":true,"showVisualEffectGraphs":true,"m_FxEnabled":true},"in2DMode":false,"pivot":{"x":-0.8970893621444702,"y":1.3407219648361207,"z":-49.79999923706055},"rotation":{"x":0.12432035058736801,"y":0.1450030356645584,"z":-0.018370941281318666,"w":0.9814459681510925},"size":1.9208581447601319,"orthographic":false}