{"cameraMode":{"drawMode":0,"name":"Shaded","section":"Shading Mode"},"sceneLighting":true,"audioPlay":false,"sceneViewState":{"m_AlwaysRefresh":false,"showFog":true,"showSkybox":false,"showFlares":true,"showImageEffects":true,"showParticleSystems":true,"showVisualEffectGraphs":true,"m_FxEnabled":true},"in2DMode":false,"pivot":{"x":199.17767333984376,"y":76.59801483154297,"z":-155.02523803710938},"rotation":{"x":-0.029642021283507348,"y":-0.15322637557983399,"z":-0.004595513455569744,"w":0.9877525568008423},"size":25.158632278442384,"orthographic":false}