{"cameraMode":{"drawMode":0,"name":"Shaded","section":"Shading Mode"},"sceneLighting":false,"audioPlay":false,"sceneViewState":{"m_AlwaysRefresh":false,"showFog":true,"showSkybox":false,"showFlares":true,"showImageEffects":true,"showParticleSystems":true,"showVisualEffectGraphs":true,"m_FxEnabled":true},"in2DMode":false,"pivot":{"x":-0.010510520078241825,"y":-0.09387558698654175,"z":0.43508923053741457},"rotation":{"x":-0.008530420251190663,"y":0.9746622443199158,"z":-0.2203187197446823,"w":-0.03773704916238785},"size":0.866019070148468,"orthographic":false}